Year,Publication,PaperCount
2011,"World Academy of Science, Engineering and Technology",1
2011,Measurement Science Review,1
2011,Food and Agricultural Immunology,1
2011,BMC Evolutionary Biology,1
2012,"2011 IEEE Conference on Open Systems, ICOS 2011",1
2012,European Journal of Scientific Research,1
2012,"EPEC 2010 - IEEE Electrical Power and Energy Conference: ""Sustainable Energy for an Intelligent Grid""",1
2012,Food and Agricultural Immunology,1
2012,"2010 International Conference on Signal Acquisition and Processing, ICSAP 2010",1
2012,Journal of Theoretical and Applied Information Technology,1
2013,IET Seminar Digest,3
2013,Journal of Electrical Engineering,1
2013,"2012 International Conference on Radar, Communication and Computing, ICRCC 2012",1
2013,Advances in Intelligent and Soft Computing,1
2013,European Journal of Scientific Research,1
2013,Mathematical Sciences Research Journal,1
2013,IFAC Proceedings Volumes (IFAC-PapersOnline),1
2013,Journal of Coordination Chemistry,1
2013,GLOBECOM - IEEE Global Telecommunications Conference,1
2013,"Proceedings - 2011 Annual IEEE India Conference: Engineering Sustainable Solutions, INDICON-2011",1
2013,Asian Himalayas International Conference on Internet,1
2013,International Journal of Electrical Power and Energy Systems,1
2013,International Journal of Pharmaceutical Sciences Review and Research,1
2013,"Proceedings - 2011 IEEE Computer Society Annual Symposium on VLSI, ISVLSI 2011",1
2013,IEEE International Conference on Communications,1
2013,Der Pharma Chemica,1
2013,"Discrete Mathematics, Algorithms and Applications",1
2013,"2011 IEEE Conference on Open Systems, ICOS 2011",1
2014,"Discrete Mathematics, Algorithms and Applications",2
2014,Advances in Intelligent Systems and Computing,2
2014,International Journal of PharmTech Research,1
2014,"Proceedings of the 2013 3rd IEEE International Advance Computing Conference, IACC 2013",1
2014,Advances in Space Research,1
2014,International Journal of ChemTech Research,1
2014,Atmospheric Environment,1
2014,Proceedings of SPIE - The International Society for Optical Engineering,1
2014,"Proceedings - 2013 International Conference on Emerging Trends in Communication, Control, Signal Processing and Computing Applications, IEEE-C2SPCA 2013",1
2014,"2013 IEEE International Conference on Computational Intelligence and Computing Research, IEEE ICCIC 2013",1
2014,"Proceedings of the 2013 International Conference on Advances in Computing, Communications and Informatics, ICACCI 2013",1
2014,Lecture Notes in Electrical Engineering,1
2015,Science of the Total Environment,1
2015,Lecture Notes in Computer Science (including subseries Lecture Notes in Artificial Intelligence and Lecture Notes in Bioinformatics),1
2015,Progress in Sustainable Energy Technologies: Generating Renewable Energy,1
2015,International Journal of Exergy,1
2015,IEEE Transactions on Antennas and Propagation,1
2015,Geotechnical Special Publication,1
2015,Asian Journal of Information Technology,1
2015,"Souvenir of the 2014 IEEE International Advance Computing Conference, IACC 2014",1
2015,"2014 International Conference on the IMpact of E-Technology on US, IMPETUS 2014",1
2015,Atmospheric Environment,1
2015,Progress In Electromagnetics Research B,1
2015,Carbohydrate Polymers,1
2015,"2013 IEEE International Conference on ""Smart Structures and Systems"", ICSSS 2013",1
2015,"2013 IEEE 2nd International Conference on Image Information Processing, IEEE ICIIP 2013",1
2015,Science of Advanced Materials,1
2015,"IFIP International Conference on Wireless and Optical Communications Networks, WOCN",1
2015,Lecture Notes in Electrical Engineering,1
2015,International Journal of PharmTech Research,1
2016,International Journal of Applied Engineering Research,4
2016,"2016 IEEE International Conference on Distributed Computing, VLSI, Electrical Circuits and Robotics, DISCOVER 2016 - Proceedings",3
2016,ACM International Conference Proceeding Series,2
2016,"2015 International Conference on Advances in Computing, Communications and Informatics, ICACCI 2015",2
2016,"International Conference on Trends in Automation, Communication and Computing Technologies, I-TACT 2015",1
2016,"International Conference on Soft Computing Techniques and Implementations, ICSCTI 2015",1
2016,Advances in Space Research,1
2016,"Proceedings of 2015 IEEE International Conference on Research in Computational Intelligence and Communication Networks, ICRCICN 2015",1
2016,"Proceedings - 2015 International Conference on Computational Science and Computational Intelligence, CSCI 2015",1
2016,International Journal of Geotechnical Engineering,1
2016,"2015 International Conference on Computing and Network Communications, CoCoNet 2015",1
2016,"2015 6th International Conference on Power Electronics Systems and Applications: Electric Transportation - Automotive, Vessel and Aircraft, PESA 2015",1
2016,"2015 IEEE International Conference on Electronics, Computing and Communication Technologies, CONECCT 2015",1
2016,"Proceedings on 2015 1st International Conference on Next Generation Computing Technologies, NGCT 2015",1
2016,"IEEE Region 10 Annual International Conference, Proceedings/TENCON",1
2016,Transactions of Nonferrous Metals Society of China (English Edition),1
2016,Procedia Computer Science,1
2016,IFAC-PapersOnLine,1
2016,3 Biotech,1
2016,MTS/IEEE OCEANS 2015 - Genova: Discovering Sustainable Ocean Energy for a New World,1
2016,"Proceedings of 2015 IEEE International Conference on Electrical, Computer and Communication Technologies, ICECCT 2015",1
2016,"Souvenir of the 2015 IEEE International Advance Computing Conference, IACC 2015",1
2016,Journal of Photochemistry and Photobiology B: Biology,1
2016,AIP Conference Proceedings,1
2016,Journal of the Indian Chemical Society,1
2016,"Proceedings of 2015 12th International Conference on Remote Engineering and Virtual Instrumentation, REV 2015",1
2016,"2015 21st National Conference on Communications, NCC 2015",1
2016,Annales Geophysicae,1
2016,"2014 International Conference on Information Communication and Embedded Systems, ICICES 2014",1
2016,International Journal of ChemTech Research,1
2016,"Lecture Notes of the Institute for Computer Sciences, Social-Informatics and Telecommunications Engineering, LNICST",1
2016,Lecture Notes in Computer Science (including subseries Lecture Notes in Artificial Intelligence and Lecture Notes in Bioinformatics),1
2016,Advances in Intelligent Systems and Computing,1
2016,Expert Systems with Applications,1
2016,"2013 IEEE Applied Electromagnetics Conference, AEMC 2013",1
2017,"Proceedings of the International Conference on Computing Methodologies and Communication, ICCMC 2017",4
2017,"Proceedings of the 2017 International Conference on Wireless Communications, Signal Processing and Networking, WiSPNET 2017",4
2017,"Proceedings of the 2016 2nd International Conference on Applied and Theoretical Computing and Communication Technology, iCATccT 2016",4
2017,International Journal of Mechanical Engineering and Technology,3
2017,Asian Journal of Chemistry,3
2017,"Proceedings of the 10th INDIACom; 2016 3rd International Conference on Computing for Sustainable Global Development, INDIACom 2016",3
2017,"International Conference on Electrical, Electronics, Communication Computer Technologies and Optimization Techniques, ICEECCOT 2017",2
2017,"Artificial Cells, Nanomedicine and Biotechnology",2
2017,"2016 IEEE Annual India Conference, INDICON 2016",2
2017,"2016 IEEE International Conference on Recent Trends in Electronics, Information and Communication Technology, RTEICT 2016 - Proceedings",2
2017,IOP Conference Series: Materials Science and Engineering,2
2017,"International Conference on Electrical, Electronics, and Optimization Techniques, ICEEOT 2016",2
2017,"Proceeding of IEEE - 2nd International Conference on Advances in Electrical, Electronics, Information, Communication and Bio-Informatics, IEEE - AEEICB 2016",2
2017,"Proceedings of IEEE International Conference on Circuit, Power and Computing Technologies, ICCPCT 2016",2
2017,"Proceedings - 2017 IEEE International Conference on Cloud Computing in Emerging Markets, CCEM 2017",1
2017,"2017 International Conference on Smart Grids, Power and Advanced Control Engineering, ICSPACE 2017",1
2017,"Proceedings - 2017 IEEE Technological Innovations in ICT for Agriculture and Rural Development, TIAR 2017",1
2017,"2017 IEEE International Conference on Current Trends in Advanced Computing, ICCTAC 2017",1
2017,"RTEICT 2017 - 2nd IEEE International Conference on Recent Trends in Electronics, Information and Communication Technology, Proceedings",1
2017,"Proceedings - 2016 15th International Conference on Information Technology, ICIT 2016",1
2017,"2016 International Conference on Electrical, Electronics, Communication, Computer and Optimization Techniques, ICEECCOT 2016",1
2017,Electronics Letters,1
2017,Surfaces and Interfaces,1
2017,Journal of Computational Electronics,1
2017,Archives of Civil and Mechanical Engineering,1
2017,Transactions of the Indian Institute of Metals,1
2017,"International Conference on Automatic Control and Dynamic Optimization Techniques, ICACDOT 2016",1
2017,Journal of Molecular Structure,1
2017,International Journal of Information and Computer Security,1
2017,Journal of Alloys and Compounds,1
2017,IET Nanobiotechnology,1
2017,Renewable Energy,1
2017,Advanced Powder Technology,1
2017,Transactions of Nonferrous Metals Society of China (English Edition),1
2017,"International Conference on Communication and Signal Processing, ICCSP 2016",1
2017,"Nuclear Instruments and Methods in Physics Research, Section B: Beam Interactions with Materials and Atoms",1
2017,Journal of Physics D: Applied Physics,1
2017,"2016 International Conference on Information Communication and Embedded Systems, ICICES 2016",1
2017,"Proceedings of the International Conference on Inventive Computation Technologies, ICICT 2016",1
2017,IEEE Communications Letters,1
2017,Helvetica Chimica Acta,1
2018,Materials Today: Proceedings,5
2018,"2017 International Conference on Energy, Communication, Data Analytics and Soft Computing, ICECDS 2017",4
2018,Lecture Notes in Networks and Systems,3
2018,Journal of Advanced Research in Dynamical and Control Systems,3
2018,"IEEE International Conference on IoT and its Applications, ICIOT 2017",3
2018,IOP Conference Series: Materials Science and Engineering,2
2018,Journal of Materials Science: Materials in Electronics,2
2018,Surfaces and Interfaces,2
2018,International Journal of Engineering and Technology(UAE),2
2018,"2017 4th International Conference on Advanced Computing and Communication Systems, ICACCS 2017",2
2018,"Proceedings of the 3rd IEEE International Conference on Advances in Electrical and Electronics, Information, Communication and Bio-Informatics, AEEICB 2017",2
2018,"2017 IEEE International Conference on Antenna Innovations and Modern Technologies for Ground, Aircraft and Satellite Applications, iAIM 2017",1
2018,Indonesian Journal of Electrical Engineering and Computer Science,1
2018,Surface Review and Letters,1
2018,"ICICDT 2018 - International Conference on IC Design and Technology, Proceedings",1
2018,"IEEE International Conference on Power, Control, Signals and Instrumentation Engineering, ICPCSI 2017",1
2018,Renewable Energy Focus,1
2018,"Proceedings of the International Conference on Inventive Computing and Informatics, ICICI 2017",1
2018,"Proceedings of the 2017 International Conference On Smart Technology for Smart Nation, SmartTechCon 2017",1
2018,"2018 3rd IEEE International Conference on Recent Trends in Electronics, Information and Communication Technology, RTEICT 2018 - Proceedings",1
2018,Wireless Personal Communications,1
2018,"Proceedings - 2018 International Conference on Communication, Information and Computing Technology, ICCICT 2018",1
2018,International Journal of Mechanical and Production Engineering Research and Development,1
2018,International Journal of Circuit Theory and Applications,1
2018,International Journal of Computer Networks and Communications,1
2018,International Journal of Microstructure and Materials Properties,1
2018,"Proceedings of the Annual Conference of the International Speech Communication Association, INTERSPEECH",1
2018,Journal of Alloys and Compounds,1
2018,Chemical Papers,1
2018,Advances in Space Research,1
2018,Vacuum,1
2018,"2017 International Conference on Information Communication and Embedded Systems, ICICES 2017",1
2018,IET Nanobiotechnology,1
2018,Progress in Natural Science: Materials International,1
2018,"Proceedings of the International Conference on Inventive Communication and Computational Technologies, ICICCT 2017",1
2018,"Catalysis, Structure and Reactivity",1
2019,International Journal of Innovative Technology and Exploring Engineering,11
2019,International Journal of Recent Technology and Engineering,11
2019,International Journal of Engineering and Advanced Technology,7
2019,Materials Today: Proceedings,7
2019,Journal of Advanced Research in Dynamical and Control Systems,7
2019,"2019 PhD Colloquium on Ethically Driven Innovation and Technology for Society, PhD EDITS 2019",5
2019,AIP Conference Proceedings,3
2019,"Proceedings of the 4th International Conference on Communication and Electronics Systems, ICCES 2019",3
2019,"2019 International Conference on Wireless Communications, Signal Processing and Networking, WiSPNET 2019",3
2019,Lecture Notes on Data Engineering and Communications Technologies,3
2019,Materials Research Express,2
2019,"Proceedings of the 3rd International Conference on Electronics and Communication and Aerospace Technology, ICECA 2019",2
2019,"2019 International Conference on Data Science and Communication, IconDSC 2019",2
2019,International Journal of Advanced Computer Science and Applications,2
2019,Lecture Notes in Networks and Systems,2
2019,Journal of Computational and Theoretical Nanoscience,2
2019,"Proceedings of 2018 2nd International Conference on Advances in Electronics, Computers and Communications, ICAECC 2018",2
2019,Analog Integrated Circuits and Signal Processing,1
2019,"Proceedings - 2019 5th International Conference on Computing, Communication Control and Automation, ICCUBEA 2019",1
2019,Modeling Earth Systems and Environment,1
2019,"2019 IEEE International Conference on Distributed Computing, VLSI, Electrical Circuits and Robotics, DISCOVER 2019 - Proceedings",1
2019,International Journal of Advanced Trends in Computer Science and Engineering,1
2019,Journal of the American Ceramic Society,1
2019,SN Applied Sciences,1
2019,"2019 3rd International Conference on Communications, Signal Processing, and their Applications, ICCSPA 2019",1
2019,"2019 11th International Conference on Communication Systems and Networks, COMSNETS 2019",1
2019,"2019 International Conference on Intelligent Computing and Control Systems, ICCS 2019",1
2019,"2019 28th Wireless and Optical Communications Conference, WOCC 2019 - Proceedings",1
2019,Optical Engineering,1
2019,Diabetes and Metabolic Syndrome: Clinical Research and Reviews,1
2019,"Proceedings of the 2019 IEEE International Conference on Communication and Signal Processing, ICCSP 2019",1
2019,IPSN 2019 - Proceedings of the 2019 Information Processing in Sensor Networks,1
2019,"IEEE International Conference on Intelligent Techniques in Control, Optimization and Signal Processing, INCOS 2019",1
2019,"1st International Conference on Advanced Technologies in Intelligent Control, Environment, Computing and Communication Engineering, ICATIECE 2019",1
2019,Physics Education,1
2019,Mobile Networks and Applications,1
2019,"Proceedings of 2019 3rd IEEE International Conference on Electrical, Computer and Communication Technologies, ICECCT 2019",1
2019,"25th National Conference on Communications, NCC 2019",1
2019,International Transactions on Electrical Energy Systems,1
2019,Emergence of Pharmaceutical Industry Growth with Industrial IoT Approach,1
2019,Sociobiology,1
2019,"Energy Sources, Part A: Recovery, Utilization and Environmental Effects",1
2019,International Journal of Scientific and Technology Research,1
2019,International Journal of Electronics and Telecommunications,1
2019,Indian Journal of Engineering and Materials Sciences,1
2019,"ECTI Transactions on Electrical Engineering, Electronics, and Communications",1
2019,Materials Science Forum,1
2019,Lecture Notes in Electrical Engineering,1
2019,International Journal of Materials and Product Technology,1
2019,Advances in Intelligent Systems and Computing,1
2019,"2017 9th International Conference on Advances in Pattern Recognition, ICAPR 2017",1
2019,Spectrochimica Acta - Part A: Molecular and Biomolecular Spectroscopy,1
2019,INDICON 2018 - 15th IEEE India Council International Conference,1
2019,"3rd International Conference on Electrical, Electronics, Communication, Computer Technologies and Optimization Techniques, ICEECCOT 2018",1
2019,"2018 International Conference on Advances in Computing, Communications and Informatics, ICACCI 2018",1
2019,"Proceedings of the 2018 International Conference on Current Trends towards Converging Technologies, ICCTCT 2018",1
2019,"2018 International Conference on Wireless Communications, Signal Processing and Networking, WiSPNET 2018",1
2019,Journal of Molecular Structure,1
2019,Electronics Letters,1
2019,Journal of Astrophysics and Astronomy,1
2019,IEEE Potentials,1
2019,Urban Climate,1
2019,3D Printing and Additive Manufacturing Technologies,1
2019,Microelectronic Engineering,1
2020,"Proceedings of the 2nd International Conference on Inventive Research in Computing Applications, ICIRCA 2020",17
2020,Materials Today: Proceedings,12
2020,International Journal of Scientific and Technology Research,9
2020,Advances in Intelligent Systems and Computing,8
2020,"2020 2nd PhD Colloquium on Ethically Driven Innovation and Technology for Society, PhD EDITS 2020",7
2020,"Proceedings of the 3rd International Conference on Smart Systems and Inventive Technology, ICSSIT 2020",6
2020,Lecture Notes in Electrical Engineering,6
2020,"Proceedings of CONECCT 2020 - 6th IEEE International Conference on Electronics, Computing and Communication Technologies",5
2020,AIP Conference Proceedings,4
2020,IOP Conference Series: Earth and Environmental Science,4
2020,Proceedings of B-HTC 2020 - 1st IEEE Bangalore Humanitarian Technology Conference,4
2020,"Proceedings of the 5th International Conference on Communication and Electronics Systems, ICCES 2020",4
2020,"Proceedings of the 4th International Conference on Computing Methodologies and Communication, ICCMC 2020",4
2020,Journal of Advanced Research in Dynamical and Control Systems,4
2020,Lecture Notes on Data Engineering and Communications Technologies,4
2020,"2020 IEEE International Conference for Innovation in Technology, INOCON 2020",3
2020,"Proceedings of the 4th International Conference on Electronics, Communication and Aerospace Technology, ICECA 2020",3
2020,Journal of Green Engineering,3
2020,Journal of Physics: Conference Series,3
2020,"2020 11th International Conference on Computing, Communication and Networking Technologies, ICCCNT 2020",3
2020,"Proceedings of the World Conference on Smart Trends in Systems, Security and Sustainability, WS4 2020",3
2020,"2nd International Conference on Innovative Mechanisms for Industry Applications, ICIMIA 2020 - Conference Proceedings",3
2020,"Proceedings of the 5th International Conference on Inventive Computation Technologies, ICICT 2020",3
2020,"Proceedings of the 3rd International Conference on Intelligent Sustainable Systems, ICISS 2020",2
2020,International Journal of Combinatorial Graph Theory and Applications,2
2020,"Proceedings of the International Conference on Smart Technologies in Computing, Electrical and Electronics, ICSTCEE 2020",2
2020,"Proceedings of the 4th International Conference on IoT in Social, Mobile, Analytics and Cloud, ISMAC 2020",2
2020,International Journal of Electrical and Computer Engineering,2
2020,"Proceedings - International Conference on Smart Electronics and Communication, ICOSEC 2020",2
2020,Optik,2
2020,Biomedical Signal Processing and Control,2
2020,International Journal of Advanced Science and Technology,2
2020,International Journal of Control and Automation,2
2020,"2020 6th International Conference on Advanced Computing and Communication Systems, ICACCS 2020",2
2020,Advances in Parallel Computing,2
2020,"Smart Innovation, Systems and Technologies",2
2020,Lecture Notes in Networks and Systems,2
2020,IOP Conference Series: Materials Science and Engineering,2
2020,"2019 5th IEEE International WIE Conference on Electrical and Computer Engineering, WIECON-ECE 2019 - Proceedings",2
2020,"Proceedings of the 2nd International Conference on Smart Systems and Inventive Technology, ICSSIT 2019",2
2020,"2020 5th IEEE International Conference on Recent Advances and Innovations in Engineering, ICRAIE 2020 - Proceeding",1
2020,Sustainable Energy Technologies and Assessments,1
2020,Materials Research Express,1
2020,Malaysian Journal of Computer Science,1
2020,"Proceedings - 5th IEEE International Conference on Recent Trends in Electronics, Information and Communication Technology, RTEICT 2020",1
2020,Materials Research Innovations,1
2020,"Proceedings - 2020 IEEE International Conference on Cloud Computing in Emerging Markets, CCEM 2020",1
2020,Computers in Biology and Medicine,1
2020,"2020 IEEE International Conference on Distributed Computing, VLSI, Electrical Circuits and Robotics, DISCOVER 2020 - Proceedings",1
2020,Proceedings - ICOECS 2020: 2020 International Conference on Electrotechnical Complexes and Systems,1
2020,"4th International Conference on Computer, Communication and Signal Processing, ICCCSP 2020",1
2020,"2020 IEEE 3rd 5G World Forum, 5GWF 2020 - Conference Proceedings",1
2020,Chemical Physics Letters,1
2020,"2020 International Conference on Wireless Communications, Signal Processing and Networking, WiSPNET 2020",1
2020,Applied Physics A: Materials Science and Processing,1
2020,"2020 International Conference on System, Computation, Automation and Networking, ICSCAN 2020",1
2020,"Proceedings of the 2020 IEEE International Conference on Communication and Signal Processing, ICCSP 2020",1
2020,International Journal of Distributed Systems and Technologies,1
2020,Journal of Electroanalytical Chemistry,1
2020,"ICRITO 2020 - IEEE 8th International Conference on Reliability, Infocom Technologies and Optimization (Trends and Future Directions)",1
2020,"2020 International Conference for Emerging Technology, INCET 2020",1
2020,"Proceedings of the 4th International Conference on Trends in Electronics and Informatics, ICOEI 2020",1
2020,Fuel,1
2020,Journal of Testing and Evaluation,1
2020,"Proceedings of the International Conference on Intelligent Computing and Control Systems, ICICCS 2020",1
2020,Energies,1
2020,Journal of Alloys and Compounds,1
2020,Crystals,1
2020,"International Journal of Uncertainty, Fuzziness and Knowldege-Based Systems",1
2020,Computer Journal,1
2020,Finance India,1
2020,Journal of the Australian Ceramic Society,1
2020,"International Conference on Emerging Trends in Information Technology and Engineering, ic-ETITE 2020",1
2020,ACM International Conference Proceeding Series,1
2020,Learning and Analytics in Intelligent Systems,1
2020,"Machine Learning and Big Data: Concepts, Algorithms, Tools and Applications",1
2020,Springer Proceedings in Materials,1
2020,New Trends in Computational Vision and Bio-Inspired Computing - Selected Works Presented at the ICCVBIC 2018,1
2020,Journal of Computing and Information Technology,1
2020,Communications in Computer and Information Science,1
2020,Webology,1
2020,Proceedings of SPIE - The International Society for Optical Engineering,1
2020,International Journal of Ambient Energy,1
2020,Advances in Mathematics: Scientific Journal,1
2020,Lecture Notes in Civil Engineering,1
2020,International Journal of Advanced Computer Science and Applications,1
2020,"Energy Sources, Part A: Recovery, Utilization and Environmental Effects",1
2020,PeerJ Computer Science,1
2020,Physics Education,1
2020,IEEE Access,1
2020,"2020 International Conference on COMmunication Systems and NETworkS, COMSNETS 2020",1
2020,Geotechnical Special Publication,1
2020,Journal of Computational and Theoretical Nanoscience,1
2020,China Communications,1
2020,International Journal of Intelligent Enterprise,1
2020,PLoS ONE,1
2020,Artificial Intelligence in Medicine,1
2020,"2019 International Conference on Clean Energy and Energy Efficient Electronics Circuit for Sustainable Development, INCCES 2019",1
2020,"4th International Conference on Electrical, Electronics, Communication, Computer Technologies and Optimization Techniques, ICEECCOT 2019",1
2020,"CSITSS 2019 - 2019 4th International Conference on Computational Systems and Information Technology for Sustainable Solution, Proceedings",1
2020,"Proceedings of the 2019 9th International Conference on Advances in Computing and Communication, ICACC 2019",1
2020,"2019 Global Conference for Advancement in Technology, GCAT 2019",1
2020,International Journal of Engineering and Advanced Technology,1
2021,Materials Today: Proceedings,52
2021,AIP Conference Proceedings,20
2021,"Proceedings - 5th International Conference on Computing Methodologies and Communication, ICCMC 2021",14
2021,Journal of Physics: Conference Series,13
2021,"Proceedings of the 3rd International Conference on Intelligent Communication Technologies and Virtual Mobile Networks, ICICV 2021",13
2021,"Proceedings of the 2nd International Conference on Electronics and Sustainable Communication Systems, ICESC 2021",11
2021,"Proceedings of the 3rd International Conference on Inventive Research in Computing Applications, ICIRCA 2021",7
2021,"Proceedings of the 5th International Conference on Trends in Electronics and Informatics, ICOEI 2021",7
2021,"Proceedings of the 6th International Conference on Inventive Computation Technologies, ICICT 2021",7
2021,"Proceedings - 2nd International Conference on Smart Electronics and Communication, ICOSEC 2021",7
2021,"Proceedings of the 6th International Conference on Communication and Electronics Systems, ICCES 2021",6
2021,"Proceedings - 2021 International Conference on Design Innovations for 3Cs Compute Communicate Control, ICDI3C 2021",6
2021,"2021 International Conference on Computer Communication and Informatics, ICCCI 2021",6
2021,Principles and Applications of Narrowband Internet of Things (NBIoT),6
2021,"Proceedings of the 5th International Conference on I-SMAC (IoT in Social, Mobile, Analytics and Cloud), I-SMAC 2021",6
2021,Lecture Notes in Networks and Systems,6
2021,"Proceedings of the 2020 IEEE International Conference on Communication, Computing and Industry 4.0, C2I4 2020",6
2021,"Proceedings - International Conference on Artificial Intelligence and Smart Systems, ICAIS 2021",5
2021,Lecture Notes on Data Engineering and Communications Technologies,5
2021,Advances in Intelligent Systems and Computing,5
2021,"2021 6th International Conference on Recent Trends on Electronics, Information, Communication and Technology, RTEICT 2021",4
2021,"2021 2nd International Conference for Emerging Technology, INCET 2021",4
2021,"Proceedings - 5th International Conference on Intelligent Computing and Control Systems, ICICCS 2021",4
2021,"2021 7th International Conference on Advanced Computing and Communication Systems, ICACCS 2021",4
2021,"Proceedings of the 7th International Conference on Electrical Energy Systems, ICEES 2021",4
2021,"2021 International Conference on Advancements in Electrical, Electronics, Communication, Computing and Automation, ICAECA 2021",4
2021,Communications in Computer and Information Science,4
2021,Lecture Notes in Mechanical Engineering,4
2021,"2021 International Conference on Emerging Smart Computing and Informatics, ESCI 2021",3
2021,IOP Conference Series: Materials Science and Engineering,3
2021,"2021 12th International Conference on Computing Communication and Networking Technologies, ICCCNT 2021",3
2021,"2021 International Conference on Smart Generation Computing, Communication and Networking, SMART GENCON 2021",3
2021,"2021 IEEE International Conference on Emerging Trends in Industry 4.0, ETI 4.0 2021",3
2021,Lecture Notes in Civil Engineering,3
2021,"Smart Innovation, Systems and Technologies",3
2021,"2021 2nd Global Conference for Advancement in Technology, GCAT 2021",2
2021,Journal of the Indian Chemical Society,2
2021,Optical and Quantum Electronics,2
2021,Journal of The Institution of Engineers (India): Series C,2
2021,"2021 8th International Conference on Smart Computing and Communications: Artificial Intelligence, AI Driven Applications for a Smart World, ICSCC 2021",2
2021,International Journal of Information Technology (Singapore),2
2021,"2021 International Conference on Forensics, Analytics, Big Data, Security, FABS 2021",2
2021,"2021 IEEE International Conference on Mobile Networks and Wireless Communications, ICMNWC 2021",2
2021,"Proceedings of the 2021 2nd International Conference on Communication, Computing and Industry 4.0, C2I4 2021",2
2021,"Proceedings of the 2021 1st International Conference on Advances in Electrical, Computing, Communications and Sustainable Technologies, ICAECT 2021",2
2021,Key Engineering Materials,2
2021,Lecture Notes in Electrical Engineering,2
2021,nan,2
2021,Materials Chemistry and Physics,1
2021,"Proceedings - 1st International Conference on Smart Technologies Communication and Robotics, STCR 2021",1
2021,International Journal of Self-Propagating High-Temperature Synthesis,1
2021,Optik,1
2021,Journal of Structural Chemistry,1
2021,Materials,1
2021,Asian Journal of Chemistry,1
2021,Psychological Studies,1
2021,Journal of Advanced Manufacturing Systems,1
2021,"2021 Asian Conference on Innovation in Technology, ASIANCON 2021",1
2021,IOP Conference Series: Earth and Environmental Science,1
2021,International Journal of Economics and Management,1
2021,Sustainable Water Resources Management,1
2021,Computational and Theoretical Chemistry,1
2021,Ultrasonics Sonochemistry,1
2021,"Iranian Journal of Science and Technology, Transaction A: Science",1
2021,"International Journal of Numerical Modelling: Electronic Networks, Devices and Fields",1
2021,Journal of Signal Processing Systems,1
2021,"2021 International Conference on System, Computation, Automation and Networking, ICSCAN 2021",1
2021,Journal of Molecular Liquids,1
2021,Indian Journal of Computer Science and Engineering,1
2021,International Journal of Engineering Trends and Technology,1
2021,Applied Physics A: Materials Science and Processing,1
2021,Biomedical Signal Processing and Control,1
2021,ACS Applied Energy Materials,1
2021,"ICCISc 2021 - 2021 International Conference on Communication, Control and Information Sciences, Proceedings",1
2021,Research Journal of Chemistry and Environment,1
2021,Journal of Materials Engineering and Performance,1
2021,"2021 5th International Conference on Computer, Communication, and Signal Processing, ICCCSP 2021",1
2021,SN Computer Science,1
2021,Results in Optics,1
2021,Biocybernetics and Biomedical Engineering,1
2021,Applied Soft Computing,1
2021,"2021 International Conference on Wireless Communications, Signal Processing and Networking, WiSPNET 2021",1
2021,International Journal of Current Research and Review,1
2021,"International Journal of Engineering, Transactions A: Basics",1
2021,IEEE Communications Letters,1
2021,International Journal of Computer Networks and Applications,1
2021,Fuel,1
2021,Journal of Thermal Analysis and Calorimetry,1
2021,Transactions on Emerging Telecommunications Technologies,1
2021,Journal of Molecular Structure,1
2021,"1st Odisha International Conference on Electrical Power Engineering, Communication and Computing Technology, ODICON 2021",1
2021,Chalcogenide-Based Nanomaterials as Photocatalysts,1
2021,"Proceedings of 2021 IEEE International Women in Engineering (WIE) Conference on Electrical and Computer Engineering, WIECON-ECE 2021",1
2021,Solar-Driven Water Treatment: Re-engineering and Accelerating Natureâs Water Cycle,1
2021,"2021 International Conference on Circuits, Controls and Communications, CCUBE 2021",1
2021,"Proceedings of the 2021 4th International Conference on Computing and Communications Technologies, ICCCT 2021",1
2021,"3rd IEEE International Virtual Conference on Innovations in Power and Advanced Computing Technologies, i-PACT 2021",1
2021,Proceedings of the IEEE International Conference Image Information Processing,1
2021,"Proceedings of the 5th International Conference on Electronics, Communication and Aerospace Technology, ICECA 2021",1
2021,"Proceedings - 2021 IEEE 10th International Conference on Communication Systems and Network Technologies, CSNT 2021",1
2021,"2021 IEEE 3rd PhD Colloquium on Ethically Driven Innovation and Technology for Society, PhD EDITS 2021",1
2021,"2021 IEEE Mysore Sub Section International Conference, MysuruCon 2021",1
2021,"2021 4th International Conference on Electrical, Computer and Communication Technologies, ICECCT 2021",1
2021,Computer Systems Science and Engineering,1
2021,International Journal of Cloud Computing,1
2021,Lecture Notes in Computer Science (including subseries Lecture Notes in Artificial Intelligence and Lecture Notes in Bioinformatics),1
2021,"12th International Conference on Advances in Computing, Control, and Telecommunication Technologies, ACT 2021",1
2021,International Review of Electrical Engineering,1
2021,"ICASSP, IEEE International Conference on Acoustics, Speech and Signal Processing - Proceedings",1
2021,International Journal of Intelligent Engineering and Systems,1
2021,Trends in Biomaterials and Artificial Organs,1
2021,"Energy Sources, Part A: Recovery, Utilization and Environmental Effects",1
2021,Asian Academy of Management Journal,1
2021,Materials Science for Energy Technologies,1
2021,"Geology, Ecology, and Landscapes",1
2021,Current Signal Transduction Therapy,1
2021,"World Review of Science, Technology and Sustainable Development",1
2021,International Journal of Advanced Computer Science and Applications,1
2021,Biointerface Research in Applied Chemistry,1
2021,Digest Journal of Nanomaterials and Biostructures,1
2021,SAE International Journal of Materials and Manufacturing,1
2021,Advances in Mathematics: Scientific Journal,1
2021,Current Analytical Chemistry,1
2021,"Studies in Systems, Decision and Control",1
2021,Journal of Intelligent Systems,1
2021,Journal of Biomolecular Structure and Dynamics,1
2021,Materials Research Innovations,1
2021,"International Symposium on Advanced Networks and Telecommunication Systems, ANTS",1
2021,"MPCIT 2020 - Proceedings: IEEE 3rd International Conference on ""Multimedia Processing, Communication and Information Technology""",1
2021,"Proceedings of 2020 3rd International Conference on Advances in Electronics, Computers and Communications, ICAECC 2020",1
2022,Materials Today: Proceedings,47
2022,"Proceedings of the 2022 3rd International Conference on Communication, Computing and Industry 4.0, C2I4 2022",20
2022,Lecture Notes in Networks and Systems,19
2022,Lecture Notes in Electrical Engineering,16
2022,Journal of Physics: Conference Series,14
2022,Lecture Notes in Civil Engineering,12
2022,International Journal of Ambient Energy,11
2022,"2022 IEEE 3rd Global Conference for Advancement in Technology, GCAT 2022",7
2022,"3rd International Conference on Electronics and Sustainable Communication Systems, ICESC 2022 - Proceedings",6
2022,Lecture Notes on Data Engineering and Communications Technologies,6
2022,"4th International Conference on Inventive Research in Computing Applications, ICIRCA 2022 - Proceedings",5
2022,"2022 2nd Asian Conference on Innovation in Technology, ASIANCON 2022",5
2022,AIP Conference Proceedings,4
2022,"International Conference on Automation, Computing and Renewable Systems, ICACRS 2022 - Proceedings",4
2022,"Proceedings - 2022 6th International Conference on Intelligent Computing and Control Systems, ICICCS 2022",4
2022,"Proceedings - 6th International Conference on Computing Methodologies and Communication, ICCMC 2022",4
2022,"Computers, Materials and Continua",4
2022,International Journal of Electrical and Computer Engineering,3
2022,Journal of Computational Electronics,3
2022,"International Interdisciplinary Humanitarian Conference for Sustainability, IIHC 2022 - Proceedings",3
2022,"13th International Conference on Advances in Computing, Control, and Telecommunication Technologies, ACT 2022",3
2022,"International Conference on Edge Computing and Applications, ICECAA 2022 - Proceedings",3
2022,"Proceedings - 2022 IEEE World Conference on Applied Intelligence and Computing, AIC 2022",3
2022,"2022 2nd International Conference on Advances in Electrical, Computing, Communication and Sustainable Technologies, ICAECT 2022",3
2022,"Proceedings of the International Conference on Electronics and Renewable Systems, ICEARS 2022",3
2022,Optical and Quantum Electronics,2
2022,Journal of Alloys and Compounds,2
2022,Journal of Communications,2
2022,Journal of King Saud University - Computer and Information Sciences,2
2022,Journal of The Institution of Engineers (India): Series B,2
2022,International Journal of Intelligent Engineering and Systems,2
2022,"2022 IEEE North Karnataka Subsection Flagship International Conference, NKCon 2022",2
2022,"Proceedings - 2022 International Conference on Smart and Sustainable Technologies in Energy and Power Sectors, SSTEPS 2022",2
2022,"Proceedings - 2022 International Conference on Computational Modelling, Simulation and Optimization, ICCMSO 2022",2
2022,"2022 International Conference on Smart Generation Computing, Communication and Networking, SMART GENCON 2022",2
2022,"2022 7th International Conference on Robotics and Automation Engineering, ICRAE 2022",2
2022,"2nd Odisha International Conference on Electrical Power Engineering, Communication and Computing Technology, ODICON 2022",2
2022,IOP Conference Series: Earth and Environmental Science,2
2022,MysuruCon 2022 - 2022 IEEE 2nd Mysore Sub Section International Conference,2
2022,"3rd International Conference on Smart Electronics and Communication, ICOSEC 2022 - Proceedings",2
2022,Journal of Nanomaterials,2
2022,Waves in Random and Complex Media,2
2022,"Proceedings of the 2022 International Conference on Innovative Computing, Intelligent Communication and Smart Electrical Systems, ICSES 2022",2
2022,"8th International Conference on Smart Structures and Systems, ICSSS 2022",2
2022,Intelligent Automation and Soft Computing,2
2022,"2022 International Conference on Computer Communication and Informatics, ICCCI 2022",2
2022,"Proceedings of the 2nd International Conference on Artificial Intelligence and Smart Energy, ICAIS 2022",2
2022,Alexandria Engineering Journal,1
2022,Soft Computing,1
2022,Materials Chemistry and Physics,1
2022,Advances in Transdisciplinary Engineering,1
2022,Indian Journal of Chemical Technology,1
2022,Applied Physics A: Materials Science and Processing,1
2022,Expert Systems,1
2022,"Circuits, Systems, and Signal Processing",1
2022,International Journal of Pattern Recognition and Artificial Intelligence,1
2022,Remote Sensing,1
2022,Inorganic Chemistry Communications,1
2022,Bioelectrochemistry,1
2022,International Journal of Information Technology (Singapore),1
2022,Journal of Physical Organic Chemistry,1
2022,Journal of Molecular Structure,1
2022,IEEE Signal Processing Magazine,1
2022,Computers in Biology and Medicine,1
2022,Experimental Cell Research,1
2022,Materials Science and Engineering: B,1
2022,Ceramics International,1
2022,Journal of Materials in Civil Engineering,1
2022,Iranian Journal of Science and Technology - Transactions of Civil Engineering,1
2022,International Journal of Communication Systems,1
2022,International Journal of Reconfigurable and Embedded Systems,1
2022,Journal of Manufacturing Processes,1
2022,RSC Advances,1
2022,Physica Scripta,1
2022,Applied Soft Computing,1
2022,Surfaces and Interfaces,1
2022,"Environment, Development and Sustainability",1
2022,Optical Materials,1
2022,Journal of Solid State Chemistry,1
2022,Automated Software Engineering,1
2022,Theoretical Computer Science,1
2022,Wind Engineering,1
2022,Journal of Crystal Growth,1
2022,Journal of Materials Science: Materials in Electronics,1
2022,"International Journal of Sensors, Wireless Communications and Control",1
2022,International Journal of Pervasive Computing and Communications,1
2022,International Journal of Intelligent Unmanned Systems,1
2022,Spectrochimica Acta - Part A: Molecular and Biomolecular Spectroscopy,1
2022,ZEMCH International Conference,1
2022,"Composites: Mechanics, Computations, Applications",1
2022,"2022 4th International Conference on Cognitive Computing and Information Processing, CCIP 2022",1
2022,"4th International Conference on Circuits, Control, Communication and Computing, I4C 2022",1
2022,"7th IEEE International Conference on Recent Advances and Innovations in Engineering, ICRAIE 2022 - Proceedings",1
2022,International Journal of Nanotechnology,1
2022,"2022 IEEE 2nd International Conference on Mobile Networks and Wireless Communications, ICMNWC 2022",1
2022,Poincare Journal of Analysis and Applications,1
2022,"2022 International Conference on Signal and Information Processing, IConSIP 2022",1
2022,"Proceedings of 4th International Conference on Cybernetics, Cognition and Machine Learning Applications, ICCCMLA 2022",1
2022,International Journal of Electrical and Computer Engineering Systems,1
2022,IEEE Access,1
2022,"Proceedings of 2022 International Conference on Intelligent Innovations in Engineering and Technology, ICIIET 2022",1
2022,Advances in Civil Engineering,1
2022,"2022 IEEE 4th PhD Colloquium on Emerging Domain Innovation and Technology for Society, PhD EDITS 2022",1
2022,ICITEE 2022 - Proceedings of the 14th International Conference on Information Technology and Electrical Engineering,1
2022,International Review of Automatic Control,1
2022,International Journal of Computer Applications in Technology,1
2022,"2022 2nd International Conference on Computer Science, Engineering and Applications, ICCSEA 2022",1
2022,"IEEE International Conference on Data Science and Information System, ICDSIS 2022",1
2022,"Proceedings of the 2022 3rd International Conference on Intelligent Computing, Instrumentation and Control Technologies: Computational Intelligence for Smart Systems, ICICICT 2022",1
2022,Proceedings of the Institution of Civil Engineers: Ground Improvement,1
2022,"Annual IEEE Communications Society Conference on Sensor, Mesh and Ad Hoc Communications and Networks workshops",1
2022,International Journal of Image and Graphics,1
2022,Studies in Computational Intelligence,1
2022,Wireless Networks,1
2022,IET Conference Proceedings,1
2022,Materials Science for Energy Technologies,1
2022,FME Transactions,1
2022,"5th International Conference on Inventive Computation Technologies, ICICT 2022 - Proceedings",1
2022,"2022 International Virtual Conference on Power Engineering Computing and Control: Developments in Electric Vehicles and Energy Sector for Sustainable Future, PECCON 2022",1
2022,IEEE Transactions on Instrumentation and Measurement,1
2022,SPCOM 2022 - IEEE International Conference on Signal Processing and Communications,1
2022,Journal of Engineering (United Kingdom),1
2022,International Journal of Modern Physics B,1
2022,Advances in Materials Science and Engineering,1
2022,"4th International Conference on Energy, Power, and Environment, ICEPE 2022",1
2022,"IEEE International Conference on Distributed Computing and Electrical Circuits and Electronics, ICDCECE 2022",1
2022,Montenegrin Journal of Economics,1
2022,International Journal of Knowledge-Based and Intelligent Engineering Systems,1
2022,Korean Journal of Materials Research,1
2022,"2022 6th International Conference on Trends in Electronics and Informatics, ICOEI 2022 - Proceedings",1
2022,Journal of Economic Cooperation and Development,1
2022,Canadian Journal of Civil Engineering,1
2022,Lecture Notes in Mechanical Engineering,1
2022,"2022 1st International Conference on Electrical, Electronics, Information and Communication Technologies, ICEEICT 2022",1
2022,"International Conference on Sustainable Computing and Data Communication Systems, ICSCDS 2022 - Proceedings",1
2022,"1st IEEE International Conference on Smart Technologies and Systems for Next Generation Computing, ICSTSN 2022",1
2022,"2022 International Conference on Advanced Computing Technologies and Applications, ICACTA 2022",1
2022,International Journal of Advanced Computer Science and Applications,1
2022,"Proceedings - IEEE International Conference on Advances in Computing, Communication and Applied Informatics, ACCAI 2022",1
2022,"PESGRE 2022 - IEEE International Conference on ""Power Electronics, Smart Grid, and Renewable Energy""",1
2022,Inorganic and Nano-Metal Chemistry,1
2022,Business Perspectives and Research,1
2022,IEEE/ACM Transactions on Computational Biology and Bioinformatics,1
2022,"Advances in Science, Technology and Innovation",1
2022,Materials Science Forum,1
2022,"Smart Innovation, Systems and Technologies",1
2022,Molecular Crystals and Liquid Crystals,1
2022,Chemosphere,1
2022,Advances in Materials and Processing Technologies,1
2022,Metals and Materials International,1
2022,ISH Journal of Hydraulic Engineering,1
2022,International Journal of Vehicle Structures and Systems,1
2022,Indian Journal of Computer Science and Engineering,1
2022,Materials Today Communications,1
2022,Computers and Electrical Engineering,1
2022,Results in Engineering,1
2022,Journal of Photochemistry and Photobiology A: Chemistry,1
2022,Cluster Computing,1
2023,Lecture Notes in Networks and Systems,17
2023,AIP Conference Proceedings,16
2023,"2023 14th International Conference on Computing Communication and Networking Technologies, ICCCNT 2023",16
2023,"Proceedings of the 5th International Conference on Inventive Research in Computing Applications, ICIRCA 2023",9
2023,"2023 2nd International Conference on Smart Technologies for Smart Nation, SmartTechCon 2023",8
2023,"2023 2nd International Conference on Trends in Electrical, Electronics and Computer Engineering, TEECCON 2023",8
2023,Materials Today: Proceedings,7
2023,"International Conference on Smart Systems for Applications in Electrical Sciences, ICSSES 2023",7
2023,"Smart Innovation, Systems and Technologies",6
2023,"Proceedings of the 2023 2nd International Conference on Augmented Intelligence and Sustainable Systems, ICAISS 2023",6
2023,Lecture Notes in Civil Engineering,6
2023,ICRTEC 2023 - Proceedings: IEEE International Conference on Recent Trends in Electronics and Communication: Upcoming Technologies for Smart Systems,6
2023,"Proceedings - 5th International Conference on Smart Systems and Inventive Technology, ICSSIT 2023",6
2023,"2023 IEEE 5th PhD Colloquium on Emerging Domain Innovation and Technology for Society, PhD EDITS 2023",5
2023,"14th International Conference on Advances in Computing, Control, and Telecommunication Technologies, ACT 2023",5
2023,Chemical Physics Impact,4
2023,Optical and Quantum Electronics,4
2023,International Journal of Intelligent Systems and Applications in Engineering,4
2023,"2023 5th International Conference on Electrical, Computer and Communication Technologies, ICECCT 2023",4
2023,Lecture Notes in Electrical Engineering,4
2023,"2023 3rd International Conference on Advances in Electrical, Computing, Communication and Sustainable Technologies, ICAECT 2023",4
2023,Proceedings of SPIE - The International Society for Optical Engineering,4
2023,"IDCIoT 2023 - International Conference on Intelligent Data Communication Technologies and Internet of Things, Proceedings",4
2023,Computer Systems Science and Engineering,4
2023,Sustainable Energy Technologies and Assessments,3
2023,International Journal of Electrical and Electronics Research,3
2023,Measurement: Sensors,3
2023,"7th International Conference on I-SMAC (IoT in Social, Mobile, Analytics and Cloud), I-SMAC 2023 - Proceedings",3
2023,"2023 International Conference on Network, Multimedia and Information Technology, NMITCON 2023",3
2023,"Proceedings - 2023 3rd International Conference on Pervasive Computing and Social Networking, ICPCSN 2023",3
2023,"Proceedings of the 2nd International Conference on Edge Computing and Applications, ICECAA 2023",3
2023,"2023 International Conference on Disruptive Technologies, ICDT 2023",3
2023,Journal of Theoretical and Applied Information Technology,2
2023,Fuel,2
2023,Biointerface Research in Applied Chemistry,2
2023,Heliyon,2
2023,International Journal of Pavement Research and Technology,2
2023,Computers and Electrical Engineering,2
2023,Physica Status Solidi (A) Applications and Materials Science,2
2023,"2023 IEEE International Conference on Research Methodologies in Knowledge Management, Artificial Intelligence and Telecommunication Engineering, RMKMATE 2023",2
2023,"International Conference on Sustainable Communication Networks and Application, ICSCNA 2023 - Proceedings",2
2023,Multimedia Tools and Applications,2
2023,International Journal of Intelligent Engineering and Systems,2
2023,Journal of Physics: Conference Series,2
2023,IFIP Advances in Information and Communication Technology,2
2023,"Proceedings of the 4th International Conference on Smart Electronics and Communication, ICOSEC 2023",2
2023,"2023 3rd Asian Conference on Innovation in Technology, ASIANCON 2023",2
2023,Proceedings of IEEE InC4 2023 - 2023 IEEE International Conference on Contemporary Computing and Communications,2
2023,"12th IEEE International Conference on Advanced Computing, ICoAC 2023",2
2023,"2023 International Conference on Data Science and Network Security, ICDSNS 2023",2
2023,"2023 World Conference on Communication and Computing, WCONF 2023",2
2023,"Proceedings of the 8th International Conference on Communication and Electronics Systems, ICCES 2023",2
2023,"International Conference on Sustainable Computing and Smart Systems, ICSCSS 2023 - Proceedings",2
2023,"Proceedings of the 7th International Conference on Intelligent Computing and Control Systems, ICICCS 2023",2
2023,"6th International Conference on Inventive Computation Technologies, ICICT 2023 - Proceedings",2
2023,EAI/Springer Innovations in Communication and Computing,2
2023,Soft Computing,2
2023,"International Conference on Innovative Data Communication Technologies and Application, ICIDCA 2023 - Proceedings",2
2023,"2023 IEEE International Conference on Integrated Circuits and Communication Systems, ICICACS 2023",2
2023,"Proceedings of the 3rd International Conference on Artificial Intelligence and Smart Energy, ICAIS 2023",2
2023,Diamond and Related Materials,2
2023,Lecture Notes in Mechanical Engineering,2
2023,Emergent Materials,1
2023,Scientific Reports,1
2023,Journal of Materials Research,1
2023,Computational and Theoretical Chemistry,1
2023,Materials Chemistry and Physics,1
2023,IET Networks,1
2023,Construction and Building Materials,1
2023,Technologies,1
2023,Journal of Photochemistry and Photobiology A: Chemistry,1
2023,Materials Advances,1
2023,ACS Symposium Series,1
2023,Journal of Energy Storage,1
2023,Informatica (Slovenia),1
2023,Quantum-Safe Cryptography Algorithms and Approaches: Impacts of Quantum Computing on Cybersecur,1
2023,SSRG International Journal of Electronics and Communication Engineering,1
2023,Engineered Science,1
2023,Measurement: Journal of the International Measurement Confederation,1
2023,E3S Web of Conferences,1
2023,"Journal of Mines, Metals and Fuels",1
2023,"International Journal of Control, Automation and Systems",1
2023,Biomass Conversion and Biorefinery,1
2023,International Journal of Modern Physics B,1
2023,MRS Communications,1
2023,Surfaces and Interfaces,1
2023,Ceramics International,1
2023,Distributed and Parallel Databases,1
2023,EAI Endorsed Transactions on Pervasive Health and Technology,1
2023,International Journal on Recent and Innovation Trends in Computing and Communication,1
2023,Journal of Materials Research and Technology,1
2023,Silicon,1
2023,Environmental Science: Advances,1
2023,Alexandria Engineering Journal,1
2023,Letters in Applied NanoBioScience,1
2023,ChemistrySelect,1
2023,International Journal of Information Technology (Singapore),1
2023,Journal of the Indian Chemical Society,1
2023,Journal of Ambient Intelligence and Humanized Computing,1
2023,Micromachines,1
2023,International Journal of Thermofluids,1
2023,Case Studies in Thermal Engineering,1
2023,Optik,1
2023,Proceedings of NKCon 2023 - 2nd IEEE North Karnataka Subsection Flagship International Conference,1
2023,"iQ-CCHESS 2023 - 2023 IEEE International Conference on Quantum Technologies, Communications, Computing, Hardware and Embedded Systems Security",1
2023,"2023 IEEE 3rd Mysore Sub Section International Conference, MysuruCon 2023",1
2023,Sociobiology,1
2023,"2023 4th IEEE Global Conference for Advancement in Technology, GCAT 2023",1
2023,"2023 International Conference on Computer Science and Emerging Technologies, CSET 2023",1
2023,"International Conference on Self Sustainable Artificial Intelligence Systems, ICSSAS 2023 - Proceedings",1
2023,Ukrainian Journal of Physics,1
2023,Brazilian Journal of Chemical Engineering,1
2023,"2023 International Conference on Sustainable Emerging Innovations in Engineering and Technology, ICSEIET 2023",1
2023,International Journal of Advanced Manufacturing Technology,1
2023,"Proceedings - 2023 IEEE 20th International Conference on Mobile Ad Hoc and Smart Systems, MASS 2023",1
2023,BioNanoScience,1
2023,"2023 3rd International Conference on Advance Computing and Innovative Technologies in Engineering, ICACITE 2023",1
2023,"2023 1st International Conference on Circuits, Power, and Intelligent Systems, CCPIS 2023",1
2023,"2023 International Conference on Emerging Trends in Networks and Computer Communications, ETNCC 2023 - Proceedings",1
2023,Neural Computing and Applications,1
2023,Journal of Biomedical Photonics and Engineering,1
2023,Communications in Computer and Information Science,1
2023,IEEE International Conference on Automation Science and Engineering,1
2023,International Journal of Nanotechnology,1
2023,"Proceedings of CONECCT 2023 - 9th International Conference on Electronics, Computing and Communication Technologies",1
2023,International Journal of Advanced Computer Science and Applications,1
2023,"Proceedings of the 2nd IEEE International Conference on Advances in Computing, Communication and Applied Informatics, ACCAI 2023",1
2023,"2023 3rd International Conference on Intelligent Technologies, CONIT 2023",1
2023,Korean Journal of Materials Research,1
2023,"5th International Conference on Energy, Power, and Environment: Towards Flexible Green Energy Technologies, ICEPE 2023",1
2023,"2023 4th International Conference on Electronics and Sustainable Communication Systems, ICESC 2023 - Proceedings",1
2023,Journal of Computer Science,1
2023,Imaging Science Journal,1
2023,"IEEE International Conference on Advances in Electronics, Communication, Computing and Intelligent Information Systems, ICAECIS 2023 - Proceedings",1
2023,"The Adoption and Effect of Artificial Intelligence on Human Resources Management, Part A",1
2023,"2nd IEEE International Conference on Distributed Computing and Electrical Circuits and Electronics, ICDCECE 2023",1
2023,"3rd IEEE International Conference on Technology, Engineering, Management for Societal Impact using Marketing, Entrepreneurship and Talent, TEMSMET 2023",1
2023,International Journal of Internet Protocol Technology,1
2023,"Proceedings of the 2nd International Conference on Applied Artificial Intelligence and Computing, ICAAIC 2023",1
2023,"2023 International Conference on Advancement in Computation and Computer Technologies, InCACCT 2023",1
2023,"2023 International Conference on Computer Communication and Informatics, ICCCI 2023",1
2023,IEEE Access,1
2023,Progress in Additive Manufacturing,1
2023,"2023 IEEE 8th International Conference for Convergence in Technology, I2CT 2023",1
2023,"Tunneling Field Effect Transistors: Design, Modeling and Applications",1
2023,"2023 9th International Conference on Advanced Computing and Communication Systems, ICACCS 2023",1
2023,Environmental Science and Pollution Research,1
2023,"Proceedings of the 17th INDIACom; 2023 10th International Conference on Computing for Sustainable Global Development, INDIACom 2023",1
2023,Internet of Behavior (IoB),1
2023,Advances in Polymer Technology,1
2023,Advances in Materials and Processing Technologies,1
2023,"Proceedings of the 2023 International Conference on Intelligent Systems for Communication, IoT and Security, ICISCoIS 2023",1
2023,"2023 2nd International Conference for Innovation in Technology, INOCON 2023",1
2023,Applied Biochemistry and Biotechnology,1
2023,International Journal of Powertrains,1
2023,"2023 International Conference on Artificial Intelligence and Smart Communication, AISC 2023",1
2023,"Proceedings of the 2023 2nd International Conference on Electronics and Renewable Systems, ICEARS 2023",1
2023,"2023 International Conference for Advancement in Technology, ICONAT 2023",1
2023,International Journal of Polymer Science,1
2023,International Journal of Ambient Energy,1
2023,Springer Proceedings in Mathematics and Statistics,1
2023,Journal of Intelligent and Fuzzy Systems,1
2023,Lecture Notes in Computer Science (including subseries Lecture Notes in Artificial Intelligence and Lecture Notes in Bioinformatics),1
2023,Current Analytical Chemistry,1
2023,Symmetry,1
2023,Indian Journal of Biochemistry and Biophysics,1
2023,Journal of Applied Science and Engineering (Taiwan),1
2023,"Computers, Materials and Continua",1
2023,Lecture Notes on Data Engineering and Communications Technologies,1
2023,Journal of Electrical Engineering and Technology,1
2023,Geomechanics and Geoengineering,1
2023,Smart Science,1
2023,Journal of Communications,1
2024,International Journal of Intelligent Systems and Applications in Engineering,7
2024,Lecture Notes in Networks and Systems,3
2024,Journal of Theoretical and Applied Information Technology,2
2024,Journal of Molecular Structure,1
2024,Biomedical Signal Processing and Control,1
2024,"International Journal of Numerical Modelling: Electronic Networks, Devices and Fields",1
2024,Chemosphere,1
2024,Journal of the American Ceramic Society,1
2024,AIP Conference Proceedings,1
2024,Ferroelectrics,1
2024,Lecture Notes in Electrical Engineering,1
2024,International Journal of Intelligent Engineering and Systems,1
2024,Multimedia Tools and Applications,1
2024,Transactions on Electrical and Electronic Materials,1
2024,ECS Journal of Solid State Science and Technology,1
2024,Cogent Business and Management,1
2024,"Big Data Computing: Advances in Technologies, Methodologies, and Applications",1
2024,Optical Materials,1
2024,Optical and Quantum Electronics,1
2024,Computational Science and Its Applications,1
2024,"Smart Innovation, Systems and Technologies",1
2024,Luminescence,1
2024,IET Networks,1
2024,Differential Equations and Dynamical Systems,1
